{
  "model": "OLD2",
  "task": "archived Growth/Safe/Risky multiclass task",
  "feature_count": 51,
  "split_counts": {
    "train": 456,
    "validation": 104,
    "test": 208
  },
  "validation": {
    "accuracy": 0.4326923076923077,
    "balanced_accuracy": 0.36890243902439024,
    "macro_f1": 0.3198482932996207,
    "classification_report": {
      "Growth": {
        "precision": 0.0,
        "recall": 0.0,
        "f1-score": 0.0,
        "support": 23.0
      },
      "Risky": {
        "precision": 0.5,
        "recall": 0.375,
        "f1-score": 0.42857142857142855,
        "support": 40.0
      },
      "Safe": {
        "precision": 0.4166666666666667,
        "recall": 0.7317073170731707,
        "f1-score": 0.5309734513274337,
        "support": 41.0
      },
      "accuracy": 0.4326923076923077,
      "macro avg": {
        "precision": 0.3055555555555556,
        "recall": 0.36890243902439024,
        "f1-score": 0.3198482932996207,
        "support": 104.0
      },
      "weighted avg": {
        "precision": 0.35657051282051283,
        "recall": 0.4326923076923077,
        "f1-score": 0.3741612369930954,
        "support": 104.0
      }
    },
    "confusion_matrix": {
      "labels": [
        "Growth",
        "Risky",
        "Safe"
      ],
      "matrix": [
        [
          0,
          5,
          18
        ],
        [
          1,
          15,
          24
        ],
        [
          1,
          10,
          30
        ]
      ]
    }
  },
  "test": {
    "accuracy": 0.4375,
    "balanced_accuracy": 0.34954233409610985,
    "macro_f1": 0.3101321769153173,
    "classification_report": {
      "Growth": {
        "precision": 0.0,
        "recall": 0.0,
        "f1-score": 0.0,
        "support": 40.0
      },
      "Risky": {
        "precision": 0.45614035087719296,
        "recall": 0.34210526315789475,
        "f1-score": 0.39097744360902253,
        "support": 76.0
      },
      "Safe": {
        "precision": 0.436241610738255,
        "recall": 0.7065217391304348,
        "f1-score": 0.5394190871369294,
        "support": 92.0
      },
      "accuracy": 0.4375,
      "macro avg": {
        "precision": 0.297460653871816,
        "recall": 0.34954233409610985,
        "f1-score": 0.3101321769153173,
        "support": 208.0
      },
      "weighted avg": {
        "precision": 0.3596196868008948,
        "recall": 0.4375,
        "f1-score": 0.38144635447540004,
        "support": 208.0
      }
    },
    "confusion_matrix": {
      "labels": [
        "Growth",
        "Risky",
        "Safe"
      ],
      "matrix": [
        [
          0,
          6,
          34
        ],
        [
          0,
          26,
          50
        ],
        [
          2,
          25,
          65
        ]
      ]
    }
  }
}