{
  "OLD1": {
    "model": "OLD1",
    "task": "archived Growth/Safe/Risky multiclass task",
    "feature_count": 51,
    "split_counts": {
      "train": 456,
      "validation": 104,
      "test": 208
    },
    "validation": {
      "accuracy": 0.3557692307692308,
      "balanced_accuracy": 0.3221367974549311,
      "macro_f1": 0.3126770414408113,
      "classification_report": {
        "Growth": {
          "precision": 0.15,
          "recall": 0.13043478260869565,
          "f1-score": 0.13953488372093023,
          "support": 23.0
        },
        "Risky": {
          "precision": 0.36666666666666664,
          "recall": 0.275,
          "f1-score": 0.3142857142857143,
          "support": 40.0
        },
        "Safe": {
          "precision": 0.42592592592592593,
          "recall": 0.5609756097560976,
          "f1-score": 0.4842105263157895,
          "support": 41.0
        },
        "accuracy": 0.3557692307692308,
        "macro avg": {
          "precision": 0.3141975308641975,
          "recall": 0.3221367974549311,
          "f1-score": 0.3126770414408113,
          "support": 104.0
        },
        "weighted avg": {
          "precision": 0.34211182336182333,
          "recall": 0.3557692307692308,
          "f1-score": 0.3426284853457436,
          "support": 104.0
        }
      },
      "confusion_matrix": {
        "labels": [
          "Growth",
          "Risky",
          "Safe"
        ],
        "matrix": [
          [
            3,
            7,
            13
          ],
          [
            11,
            11,
            18
          ],
          [
            6,
            12,
            23
          ]
        ]
      }
    },
    "test": {
      "accuracy": 0.3605769230769231,
      "balanced_accuracy": 0.32925247902364607,
      "macro_f1": 0.32912204053831434,
      "classification_report": {
        "Growth": {
          "precision": 0.19047619047619047,
          "recall": 0.2,
          "f1-score": 0.1951219512195122,
          "support": 40.0
        },
        "Risky": {
          "precision": 0.36619718309859156,
          "recall": 0.34210526315789475,
          "f1-score": 0.35374149659863946,
          "support": 76.0
        },
        "Safe": {
          "precision": 0.43157894736842106,
          "recall": 0.44565217391304346,
          "f1-score": 0.4385026737967914,
          "support": 92.0
        },
        "accuracy": 0.3605769230769231,
        "macro avg": {
          "precision": 0.329417440314401,
          "recall": 0.32925247902364607,
          "f1-score": 0.32912204053831434,
          "support": 208.0
        },
        "weighted avg": {
          "precision": 0.36132354179055437,
          "recall": 0.3605769230769231,
          "f1-score": 0.36072825855568225,
          "support": 208.0
        }
      },
      "confusion_matrix": {
        "labels": [
          "Growth",
          "Risky",
          "Safe"
        ],
        "matrix": [
          [
            8,
            13,
            19
          ],
          [
            15,
            26,
            35
          ],
          [
            19,
            32,
            41
          ]
        ]
      }
    }
  },
  "OLD2": {
    "model": "OLD2",
    "task": "archived Growth/Safe/Risky multiclass task",
    "feature_count": 51,
    "split_counts": {
      "train": 456,
      "validation": 104,
      "test": 208
    },
    "validation": {
      "accuracy": 0.4326923076923077,
      "balanced_accuracy": 0.36890243902439024,
      "macro_f1": 0.3198482932996207,
      "classification_report": {
        "Growth": {
          "precision": 0.0,
          "recall": 0.0,
          "f1-score": 0.0,
          "support": 23.0
        },
        "Risky": {
          "precision": 0.5,
          "recall": 0.375,
          "f1-score": 0.42857142857142855,
          "support": 40.0
        },
        "Safe": {
          "precision": 0.4166666666666667,
          "recall": 0.7317073170731707,
          "f1-score": 0.5309734513274337,
          "support": 41.0
        },
        "accuracy": 0.4326923076923077,
        "macro avg": {
          "precision": 0.3055555555555556,
          "recall": 0.36890243902439024,
          "f1-score": 0.3198482932996207,
          "support": 104.0
        },
        "weighted avg": {
          "precision": 0.35657051282051283,
          "recall": 0.4326923076923077,
          "f1-score": 0.3741612369930954,
          "support": 104.0
        }
      },
      "confusion_matrix": {
        "labels": [
          "Growth",
          "Risky",
          "Safe"
        ],
        "matrix": [
          [
            0,
            5,
            18
          ],
          [
            1,
            15,
            24
          ],
          [
            1,
            10,
            30
          ]
        ]
      }
    },
    "test": {
      "accuracy": 0.4375,
      "balanced_accuracy": 0.34954233409610985,
      "macro_f1": 0.3101321769153173,
      "classification_report": {
        "Growth": {
          "precision": 0.0,
          "recall": 0.0,
          "f1-score": 0.0,
          "support": 40.0
        },
        "Risky": {
          "precision": 0.45614035087719296,
          "recall": 0.34210526315789475,
          "f1-score": 0.39097744360902253,
          "support": 76.0
        },
        "Safe": {
          "precision": 0.436241610738255,
          "recall": 0.7065217391304348,
          "f1-score": 0.5394190871369294,
          "support": 92.0
        },
        "accuracy": 0.4375,
        "macro avg": {
          "precision": 0.297460653871816,
          "recall": 0.34954233409610985,
          "f1-score": 0.3101321769153173,
          "support": 208.0
        },
        "weighted avg": {
          "precision": 0.3596196868008948,
          "recall": 0.4375,
          "f1-score": 0.38144635447540004,
          "support": 208.0
        }
      },
      "confusion_matrix": {
        "labels": [
          "Growth",
          "Risky",
          "Safe"
        ],
        "matrix": [
          [
            0,
            6,
            34
          ],
          [
            0,
            26,
            50
          ],
          [
            2,
            25,
            65
          ]
        ]
      }
    }
  },
  "OLD3": {
    "model": "OLD3",
    "task": "archived Growth/Safe/Risky multiclass task",
    "feature_count": 51,
    "split_counts": {
      "train": 456,
      "validation": 104,
      "test": 208
    },
    "validation": {
      "accuracy": 0.4423076923076923,
      "balanced_accuracy": 0.38400494874513963,
      "macro_f1": 0.3544698544698545,
      "classification_report": {
        "Growth": {
          "precision": 0.3333333333333333,
          "recall": 0.043478260869565216,
          "f1-score": 0.07692307692307693,
          "support": 23.0
        },
        "Risky": {
          "precision": 0.5294117647058824,
          "recall": 0.45,
          "f1-score": 0.4864864864864865,
          "support": 40.0
        },
        "Safe": {
          "precision": 0.40298507462686567,
          "recall": 0.6585365853658537,
          "f1-score": 0.5,
          "support": 41.0
        },
        "accuracy": 0.4423076923076923,
        "macro avg": {
          "precision": 0.4219100575553605,
          "recall": 0.38400494874513963,
          "f1-score": 0.3544698544698545,
          "support": 104.0
        },
        "weighted avg": {
          "precision": 0.4362069741788793,
          "recall": 0.4423076923076923,
          "f1-score": 0.40123740604509833,
          "support": 104.0
        }
      },
      "confusion_matrix": {
        "labels": [
          "Growth",
          "Risky",
          "Safe"
        ],
        "matrix": [
          [
            1,
            4,
            18
          ],
          [
            0,
            18,
            22
          ],
          [
            2,
            12,
            27
          ]
        ]
      }
    },